[
    {
        "code": "LU",
        "item": "Q32",
        "countryname": "Luxembourg"
    },
    {
        "code": "AT",
        "item": "Q40",
        "countryname": "Austria"
    },
    {
        "code": "CU",
        "item": "Q241",
        "countryname": "Cuba"
    },
    {
        "code": "UZ",
        "item": "Q265",
        "countryname": "Uzbekistan"
    },
    {
        "code": "SG",
        "item": "Q334",
        "countryname": "Singapore"
    },
    {
        "code": "LI",
        "item": "Q347",
        "countryname": "Liechtenstein"
    },
    {
        "code": "AU",
        "item": "Q408",
        "countryname": "Australia"
    },
    {
        "code": "KP",
        "item": "Q423",
        "countryname": "North Korea"
    },
    {
        "code": "MN",
        "item": "Q711",
        "countryname": "Mongolia"
    },
    {
        "code": "SR",
        "item": "Q730",
        "countryname": "Suriname"
    },
    {
        "code": "PY",
        "item": "Q733",
        "countryname": "Paraguay"
    },
    {
        "code": "GD",
        "item": "Q769",
        "countryname": "Grenada"
    },
    {
        "code": "GT",
        "item": "Q774",
        "countryname": "Guatemala"
    },
    {
        "code": "DO",
        "item": "Q786",
        "countryname": "Dominican Republic"
    },
    {
        "code": "HT",
        "item": "Q790",
        "countryname": "Haiti"
    },
    {
        "code": "IR",
        "item": "Q794",
        "countryname": "Iran"
    },
    {
        "code": "IQ",
        "item": "Q796",
        "countryname": "Iraq"
    },
    {
        "code": "KG",
        "item": "Q813",
        "countryname": "Kyrgyzstan"
    },
    {
        "code": "LB",
        "item": "Q822",
        "countryname": "Lebanon"
    },
    {
        "code": "MY",
        "item": "Q833",
        "countryname": "Malaysia"
    },
    {
        "code": "QA",
        "item": "Q846",
        "countryname": "Qatar"
    },
    {
        "code": "LK",
        "item": "Q854",
        "countryname": "Sri Lanka"
    },
    {
        "code": "VN",
        "item": "Q881",
        "countryname": "Vietnam"
    },
    {
        "code": "KR",
        "item": "Q884",
        "countryname": "South Korea"
    },
    {
        "code": "BN",
        "item": "Q921",
        "countryname": "Brunei"
    },
    {
        "code": "TG",
        "item": "Q945",
        "countryname": "Togo"
    },
    {
        "code": "ZM",
        "item": "Q953",
        "countryname": "Zambia"
    },
    {
        "code": "SS",
        "item": "Q958",
        "countryname": "South Sudan"
    },
    {
        "code": "BW",
        "item": "Q963",
        "countryname": "Botswana"
    },
    {
        "code": "BF",
        "item": "Q965",
        "countryname": "Burkina Faso"
    },
    {
        "code": "CG",
        "item": "Q971",
        "countryname": "Republic of the Congo"
    },
    {
        "code": "ER",
        "item": "Q986",
        "countryname": "Eritrea"
    },
    {
        "code": "FO",
        "item": "Q4628",
        "countryname": "Faroe Islands"
    },
    {
        "code": "KY",
        "item": "Q5785",
        "countryname": "Cayman Islands"
    },
    {
        "code": "EH",
        "item": "Q6250",
        "countryname": "Western Sahara"
    },
    {
        "code": "FK",
        "item": "Q9648",
        "countryname": "Falkland Islands"
    },
    {
        "code": "VI",
        "item": "Q11703",
        "countryname": "United States Virgin Islands"
    },
    {
        "code": "MO",
        "item": "Q14773",
        "countryname": "Macau"
    },
    {
        "code": "YT",
        "item": "Q17063",
        "countryname": "Mayotte"
    },
    {
        "code": "TC",
        "item": "Q18221",
        "countryname": "Turks and Caicos Islands"
    },
    {
        "code": "AW",
        "item": "Q21203",
        "countryname": "Aruba"
    },
    {
        "code": "CW",
        "item": "Q25279",
        "countryname": "Curaçao"
    },
    {
        "code": "CK",
        "item": "Q26988",
        "countryname": "Cook Islands"
    },
    {
        "code": "NL",
        "item": "Q29999",
        "countryname": "Kingdom of the Netherlands"
    },
    {
        "code": "PF",
        "item": "Q30971",
        "countryname": "French Polynesia"
    },
    {
        "code": "NF",
        "item": "Q31057",
        "countryname": "Norfolk Island"
    },
    {
        "code": "NU",
        "item": "Q34020",
        "countryname": "Niue"
    },
    {
        "code": "PM",
        "item": "Q34617",
        "countryname": "Saint Pierre and Miquelon"
    },
    {
        "code": "PN",
        "item": "Q35672",
        "countryname": "Pitcairn Islands"
    },
    {
        "code": "CS",
        "item": "Q37024",
        "countryname": "Serbia and Montenegro"
    },
    {
        "code": "YU",
        "item": "Q83286",
        "countryname": "Socialist Federal Republic of Yugoslavia"
    },
    {
        "code": "TF",
        "item": "Q129003",
        "countryname": "French Southern and Antarctic Lands"
    },
    {
        "code": "HM",
        "item": "Q131198",
        "countryname": "Heard Island and McDonald Islands"
    },
    {
        "code": "SH",
        "item": "Q192184",
        "countryname": "Saint Helena, Ascension and Tristan da Cunha"
    },
    {
        "code": "PS",
        "item": "Q407199",
        "countryname": "Palestinian territories"
    },
    {
        "code": "YU",
        "item": "Q838261",
        "countryname": "Federal Republic of Yugoslavia"
    },
    {
        "code": "SJ",
        "item": "Q842829",
        "countryname": "Svalbard and Jan Mayen"
    },
    {
        "code": "AQ",
        "item": "Q21590062",
        "countryname": "Antarctic Treaty area"
    },
    {
        "code": "IE",
        "item": "Q27",
        "countryname": "Ireland"
    },
    {
        "code": "HU",
        "item": "Q28",
        "countryname": "Hungary"
    },
    {
        "code": "ES",
        "item": "Q29",
        "countryname": "Spain"
    },
    {
        "code": "PL",
        "item": "Q36",
        "countryname": "Poland"
    },
    {
        "code": "CH",
        "item": "Q39",
        "countryname": "Switzerland"
    },
    {
        "code": "EG",
        "item": "Q79",
        "countryname": "Egypt"
    },
    {
        "code": "MX",
        "item": "Q96",
        "countryname": "Mexico"
    },
    {
        "code": "KE",
        "item": "Q114",
        "countryname": "Kenya"
    },
    {
        "code": "ET",
        "item": "Q115",
        "countryname": "Ethiopia"
    },
    {
        "code": "GH",
        "item": "Q117",
        "countryname": "Ghana"
    },
    {
        "code": "FR",
        "item": "Q142",
        "countryname": "France"
    },
    {
        "code": "GB",
        "item": "Q145",
        "countryname": "United Kingdom"
    },
    {
        "code": "RU",
        "item": "Q159",
        "countryname": "Russia"
    },
    {
        "code": "BY",
        "item": "Q184",
        "countryname": "Belarus"
    },
    {
        "code": "IS",
        "item": "Q189",
        "countryname": "Iceland"
    },
    {
        "code": "LV",
        "item": "Q211",
        "countryname": "Latvia"
    },
    {
        "code": "UA",
        "item": "Q212",
        "countryname": "Ukraine"
    },
    {
        "code": "SK",
        "item": "Q214",
        "countryname": "Slovakia"
    },
    {
        "code": "BG",
        "item": "Q219",
        "countryname": "Bulgaria"
    },
    {
        "code": "MK",
        "item": "Q221",
        "countryname": "Republic of Macedonia"
    },
    {
        "code": "AL",
        "item": "Q222",
        "countryname": "Albania"
    },
    {
        "code": "GL",
        "item": "Q223",
        "countryname": "Greenland"
    },
    {
        "code": "HR",
        "item": "Q224",
        "countryname": "Croatia"
    },
    {
        "code": "BA",
        "item": "Q225",
        "countryname": "Bosnia and Herzegovina"
    },
    {
        "code": "AZ",
        "item": "Q227",
        "countryname": "Azerbaijan"
    },
    {
        "code": "CY",
        "item": "Q229",
        "countryname": "Cyprus"
    },
    {
        "code": "GE",
        "item": "Q230",
        "countryname": "Georgia"
    },
    {
        "code": "KZ",
        "item": "Q232",
        "countryname": "Kazakhstan"
    },
    {
        "code": "ME",
        "item": "Q236",
        "countryname": "Montenegro"
    },
    {
        "code": "TL",
        "item": "Q574",
        "countryname": "East Timor"
    },
    {
        "code": "TD",
        "item": "Q657",
        "countryname": "Chad"
    },
    {
        "code": "PG",
        "item": "Q691",
        "countryname": "Papua New Guinea"
    },
    {
        "code": "NR",
        "item": "Q697",
        "countryname": "Nauru"
    },
    {
        "code": "MH",
        "item": "Q709",
        "countryname": "Marshall Islands"
    },
    {
        "code": "FJ",
        "item": "Q712",
        "countryname": "Fiji"
    },
    {
        "code": "GY",
        "item": "Q734",
        "countryname": "Guyana"
    },
    {
        "code": "EC",
        "item": "Q736",
        "countryname": "Ecuador"
    },
    {
        "code": "CO",
        "item": "Q739",
        "countryname": "Colombia"
    },
    {
        "code": "BO",
        "item": "Q750",
        "countryname": "Bolivia"
    },
    {
        "code": "JM",
        "item": "Q766",
        "countryname": "Jamaica"
    },
    {
        "code": "BS",
        "item": "Q778",
        "countryname": "The Bahamas"
    },
    {
        "code": "AG",
        "item": "Q781",
        "countryname": "Antigua and Barbuda"
    },
    {
        "code": "HN",
        "item": "Q783",
        "countryname": "Honduras"
    },
    {
        "code": "DM",
        "item": "Q784",
        "countryname": "Dominica"
    },
    {
        "code": "CR",
        "item": "Q800",
        "countryname": "Costa Rica"
    },
    {
        "code": "YE",
        "item": "Q805",
        "countryname": "Yemen"
    },
    {
        "code": "PK",
        "item": "Q843",
        "countryname": "Pakistan"
    },
    {
        "code": "SY",
        "item": "Q858",
        "countryname": "Syria"
    },
    {
        "code": "TW",
        "item": "Q865",
        "countryname": "Taiwan"
    },
    {
        "code": "TM",
        "item": "Q874",
        "countryname": "Turkmenistan"
    },
    {
        "code": "AF",
        "item": "Q889",
        "countryname": "Afghanistan"
    },
    {
        "code": "PH",
        "item": "Q928",
        "countryname": "Philippines"
    },
    {
        "code": "CF",
        "item": "Q929",
        "countryname": "Central African Republic"
    },
    {
        "code": "TN",
        "item": "Q948",
        "countryname": "Tunisia"
    },
    {
        "code": "ZW",
        "item": "Q954",
        "countryname": "Zimbabwe"
    },
    {
        "code": "BJ",
        "item": "Q962",
        "countryname": "Benin"
    },
    {
        "code": "BI",
        "item": "Q967",
        "countryname": "Burundi"
    },
    {
        "code": "KM",
        "item": "Q970",
        "countryname": "Comoros"
    },
    {
        "code": "CD",
        "item": "Q974",
        "countryname": "Democratic Republic of the Congo"
    },
    {
        "code": "GQ",
        "item": "Q983",
        "countryname": "Equatorial Guinea"
    },
    {
        "code": "GM",
        "item": "Q1005",
        "countryname": "Gambia"
    },
    {
        "code": "GN",
        "item": "Q1006",
        "countryname": "Guinea"
    },
    {
        "code": "GW",
        "item": "Q1007",
        "countryname": "Guinea-Bissau"
    },
    {
        "code": "CI",
        "item": "Q1008",
        "countryname": "Côte d'Ivoire"
    },
    {
        "code": "CV",
        "item": "Q1011",
        "countryname": "Cape Verde"
    },
    {
        "code": "LS",
        "item": "Q1013",
        "countryname": "Lesotho"
    },
    {
        "code": "LY",
        "item": "Q1016",
        "countryname": "Libya"
    },
    {
        "code": "MG",
        "item": "Q1019",
        "countryname": "Madagascar"
    },
    {
        "code": "MW",
        "item": "Q1020",
        "countryname": "Malawi"
    },
    {
        "code": "MU",
        "item": "Q1027",
        "countryname": "Mauritius"
    },
    {
        "code": "MA",
        "item": "Q1028",
        "countryname": "Morocco"
    },
    {
        "code": "NA",
        "item": "Q1030",
        "countryname": "Namibia"
    },
    {
        "code": "NE",
        "item": "Q1032",
        "countryname": "Niger"
    },
    {
        "code": "NG",
        "item": "Q1033",
        "countryname": "Nigeria"
    },
    {
        "code": "UG",
        "item": "Q1036",
        "countryname": "Uganda"
    },
    {
        "code": "RW",
        "item": "Q1037",
        "countryname": "Rwanda"
    },
    {
        "code": "ST",
        "item": "Q1039",
        "countryname": "Sao Tomé and Príncipe"
    },
    {
        "code": "SN",
        "item": "Q1041",
        "countryname": "Senegal"
    },
    {
        "code": "SC",
        "item": "Q1042",
        "countryname": "Seychelles"
    },
    {
        "code": "SZ",
        "item": "Q1050",
        "countryname": "Swaziland"
    },
    {
        "code": "XK",
        "item": "Q1246",
        "countryname": "Kosovo"
    },
    {
        "code": "GI",
        "item": "Q1410",
        "countryname": "Gibraltar"
    },
    {
        "code": "BY",
        "item": "Q2895",
        "countryname": "Byelorussian Soviet Socialist Republic"
    },
    {
        "code": "AX",
        "item": "Q5689",
        "countryname": "Åland Islands"
    },
    {
        "code": "IM",
        "item": "Q9676",
        "countryname": "Isle of Man"
    },
    {
        "code": "GU",
        "item": "Q16635",
        "countryname": "Guam"
    },
    {
        "code": "AS",
        "item": "Q16641",
        "countryname": "American Samoa"
    },
    {
        "code": "MP",
        "item": "Q16644",
        "countryname": "Northern Mariana Islands"
    },
    {
        "code": "UM",
        "item": "Q16645",
        "countryname": "United States Minor Outlying Islands"
    },
    {
        "code": "MQ",
        "item": "Q17054",
        "countryname": "Martinique"
    },
    {
        "code": "RE",
        "item": "Q17070",
        "countryname": "Réunion"
    },
    {
        "code": "BM",
        "item": "Q23635",
        "countryname": "Bermuda"
    },
    {
        "code": "GG",
        "item": "Q25230",
        "countryname": "Guernsey"
    },
    {
        "code": "VG",
        "item": "Q25305",
        "countryname": "British Virgin Islands"
    },
    {
        "code": "BL",
        "item": "Q25362",
        "countryname": "Saint-Barthélemy"
    },
    {
        "code": "SX",
        "item": "Q26273",
        "countryname": "Sint Maarten"
    },
    {
        "code": "BQ",
        "item": "Q27561",
        "countryname": "Caribbean Netherlands"
    },
    {
        "code": "CX",
        "item": "Q31063",
        "countryname": "Christmas Island"
    },
    {
        "code": "WF",
        "item": "Q35555",
        "countryname": "Wallis and Futuna"
    },
    {
        "code": "CC",
        "item": "Q36004",
        "countryname": "Cocos (Keeling) Islands"
    },
    {
        "code": "CA",
        "item": "Q16",
        "countryname": "Canada"
    },
    {
        "code": "JP",
        "item": "Q17",
        "countryname": "Japan"
    },
    {
        "code": "NO",
        "item": "Q20",
        "countryname": "Norway"
    },
    {
        "code": "US",
        "item": "Q30",
        "countryname": "United States of America"
    },
    {
        "code": "BE",
        "item": "Q31",
        "countryname": "Belgium"
    },
    {
        "code": "FI",
        "item": "Q33",
        "countryname": "Finland"
    },
    {
        "code": "SE",
        "item": "Q34",
        "countryname": "Sweden"
    },
    {
        "code": "DK",
        "item": "Q35",
        "countryname": "Denmark"
    },
    {
        "code": "LT",
        "item": "Q37",
        "countryname": "Lithuania"
    },
    {
        "code": "IT",
        "item": "Q38",
        "countryname": "Italy"
    },
    {
        "code": "GR",
        "item": "Q41",
        "countryname": "Greece"
    },
    {
        "code": "TR",
        "item": "Q43",
        "countryname": "Turkey"
    },
    {
        "code": "PT",
        "item": "Q45",
        "countryname": "Portugal"
    },
    {
        "code": "NL",
        "item": "Q55",
        "countryname": "Netherlands"
    },
    {
        "code": "UY",
        "item": "Q77",
        "countryname": "Uruguay"
    },
    {
        "code": "CN",
        "item": "Q148",
        "countryname": "People's Republic of China"
    },
    {
        "code": "BR",
        "item": "Q155",
        "countryname": "Brazil"
    },
    {
        "code": "DE",
        "item": "Q183",
        "countryname": "Germany"
    },
    {
        "code": "EE",
        "item": "Q191",
        "countryname": "Estonia"
    },
    {
        "code": "CZ",
        "item": "Q213",
        "countryname": "Czech Republic"
    },
    {
        "code": "SI",
        "item": "Q215",
        "countryname": "Slovenia"
    },
    {
        "code": "MD",
        "item": "Q217",
        "countryname": "Moldova"
    },
    {
        "code": "RO",
        "item": "Q218",
        "countryname": "Romania"
    },
    {
        "code": "AD",
        "item": "Q228",
        "countryname": "Andorra"
    },
    {
        "code": "MT",
        "item": "Q233",
        "countryname": "Malta"
    },
    {
        "code": "MC",
        "item": "Q235",
        "countryname": "Monaco"
    },
    {
        "code": "VA",
        "item": "Q237",
        "countryname": "Vatican City"
    },
    {
        "code": "SM",
        "item": "Q238",
        "countryname": "San Marino"
    },
    {
        "code": "BZ",
        "item": "Q242",
        "countryname": "Belize"
    },
    {
        "code": "BB",
        "item": "Q244",
        "countryname": "Barbados"
    },
    {
        "code": "ID",
        "item": "Q252",
        "countryname": "Indonesia"
    },
    {
        "code": "ZA",
        "item": "Q258",
        "countryname": "South Africa"
    },
    {
        "code": "DZ",
        "item": "Q262",
        "countryname": "Algeria"
    },
    {
        "code": "CL",
        "item": "Q298",
        "countryname": "Chile"
    },
    {
        "code": "BH",
        "item": "Q398",
        "countryname": "Bahrain"
    },
    {
        "code": "AM",
        "item": "Q399",
        "countryname": "Armenia"
    },
    {
        "code": "RS",
        "item": "Q403",
        "countryname": "Serbia"
    },
    {
        "code": "AR",
        "item": "Q414",
        "countryname": "Argentina"
    },
    {
        "code": "PE",
        "item": "Q419",
        "countryname": "Peru"
    },
    {
        "code": "KH",
        "item": "Q424",
        "countryname": "Cambodia"
    },
    {
        "code": "NZ",
        "item": "Q664",
        "countryname": "New Zealand"
    },
    {
        "code": "IN",
        "item": "Q668",
        "countryname": "India"
    },
    {
        "code": "TV",
        "item": "Q672",
        "countryname": "Tuvalu"
    },
    {
        "code": "TO",
        "item": "Q678",
        "countryname": "Tonga"
    },
    {
        "code": "WS",
        "item": "Q683",
        "countryname": "Samoa"
    },
    {
        "code": "SB",
        "item": "Q685",
        "countryname": "Solomon Islands"
    },
    {
        "code": "VU",
        "item": "Q686",
        "countryname": "Vanuatu"
    },
    {
        "code": "PW",
        "item": "Q695",
        "countryname": "Palau"
    },
    {
        "code": "FM",
        "item": "Q702",
        "countryname": "Federated States of Micronesia"
    },
    {
        "code": "KI",
        "item": "Q710",
        "countryname": "Kiribati"
    },
    {
        "code": "VE",
        "item": "Q717",
        "countryname": "Venezuela"
    },
    {
        "code": "TT",
        "item": "Q754",
        "countryname": "Trinidad and Tobago"
    },
    {
        "code": "VC",
        "item": "Q757",
        "countryname": "Saint Vincent and the Grenadines"
    },
    {
        "code": "LC",
        "item": "Q760",
        "countryname": "Saint Lucia"
    },
    {
        "code": "KN",
        "item": "Q763",
        "countryname": "Saint Kitts and Nevis"
    },
    {
        "code": "JE",
        "item": "Q785",
        "countryname": "Jersey"
    },
    {
        "code": "SV",
        "item": "Q792",
        "countryname": "El Salvador"
    },
    {
        "code": "IL",
        "item": "Q801",
        "countryname": "Israel"
    },
    {
        "code": "PA",
        "item": "Q804",
        "countryname": "Panama"
    },
    {
        "code": "JO",
        "item": "Q810",
        "countryname": "Jordan"
    },
    {
        "code": "NI",
        "item": "Q811",
        "countryname": "Nicaragua"
    },
    {
        "code": "KW",
        "item": "Q817",
        "countryname": "Kuwait"
    },
    {
        "code": "LA",
        "item": "Q819",
        "countryname": "Laos"
    },
    {
        "code": "MV",
        "item": "Q826",
        "countryname": "Maldives"
    },
    {
        "code": "MM",
        "item": "Q836",
        "countryname": "Myanmar"
    },
    {
        "code": "MM",
        "item": "Q836",
        "countryname": "Myanmar"
    },
    {
        "code": "NP",
        "item": "Q837",
        "countryname": "Nepal"
    },
    {
        "code": "OM",
        "item": "Q842",
        "countryname": "Oman"
    },
    {
        "code": "SA",
        "item": "Q851",
        "countryname": "Saudi Arabia"
    },
    {
        "code": "TJ",
        "item": "Q863",
        "countryname": "Tajikistan"
    },
    {
        "code": "TH",
        "item": "Q869",
        "countryname": "Thailand"
    },
    {
        "code": "AE",
        "item": "Q878",
        "countryname": "United Arab Emirates"
    },
    {
        "code": "BD",
        "item": "Q902",
        "countryname": "Bangladesh"
    },
    {
        "code": "ML",
        "item": "Q912",
        "countryname": "Mali"
    },
    {
        "code": "AO",
        "item": "Q916",
        "countryname": "Angola"
    },
    {
        "code": "BT",
        "item": "Q917",
        "countryname": "Bhutan"
    },
    {
        "code": "TZ",
        "item": "Q924",
        "countryname": "Tanzania"
    },
    {
        "code": "DJ",
        "item": "Q977",
        "countryname": "Djibouti"
    },
    {
        "code": "GA",
        "item": "Q1000",
        "countryname": "Gabon"
    },
    {
        "code": "CM",
        "item": "Q1009",
        "countryname": "Cameroon"
    },
    {
        "code": "LR",
        "item": "Q1014",
        "countryname": "Liberia"
    },
    {
        "code": "MR",
        "item": "Q1025",
        "countryname": "Mauritania"
    },
    {
        "code": "MZ",
        "item": "Q1029",
        "countryname": "Mozambique"
    },
    {
        "code": "SL",
        "item": "Q1044",
        "countryname": "Sierra Leone"
    },
    {
        "code": "SO",
        "item": "Q1045",
        "countryname": "Somalia"
    },
    {
        "code": "SD",
        "item": "Q1049",
        "countryname": "Sudan"
    },
    {
        "code": "PR",
        "item": "Q1183",
        "countryname": "Puerto Rico"
    },
    {
        "code": "GF",
        "item": "Q3769",
        "countryname": "French Guiana"
    },
    {
        "code": "HK",
        "item": "Q8646",
        "countryname": "Hong Kong"
    },
    {
        "code": "MS",
        "item": "Q13353",
        "countryname": "Montserrat"
    },
    {
        "code": "DD",
        "item": "Q16957",
        "countryname": "East Germany"
    },
    {
        "code": "GP",
        "item": "Q17012",
        "countryname": "Guadeloupe"
    },
    {
        "code": "BV",
        "item": "Q23408",
        "countryname": "Bouvet Island"
    },
    {
        "code": "AI",
        "item": "Q25228",
        "countryname": "Anguilla"
    },
    {
        "code": "NC",
        "item": "Q33788",
        "countryname": "New Caledonia"
    },
    {
        "code": "GS",
        "item": "Q35086",
        "countryname": "South Georgia and the South Sandwich Islands"
    },
    {
        "code": "TK",
        "item": "Q36823",
        "countryname": "Tokelau"
    },
    {
        "code": "IO",
        "item": "Q43448",
        "countryname": "British Indian Ocean Territory"
    },
    {
        "code": "MF",
        "item": "Q126125",
        "countryname": "Saint Martin"
    },
    {
        "code": "BQ",
        "item": "Q165783",
        "countryname": "British Antarctic Territory"
    }
]